order_id,orderline_id
cb8c20e2-3a8a-46e4-ae6b-0451021a2cbf,e5f6a7b8-c9d0-1234-5678-90abcdef0123
cb8c20e2-3a8a-46e4-ae6b-0451021a2cbf,f1a2b3c4-d5e6-4789-8901-234567abcdef
99999999-aaaa-4bbb-8ccc-333333333333,aaaaaaaa-bbbb-4ccc-8ddd-444444444444
99999999-aaaa-4bbb-8ccc-333333333333,bbbbbbbb-cccc-4ddd-8eee-555555555555
1a2b3c4d-5e6f-4701-8100-000000000001,3a2b3c4d-5e6f-4701-8300-000000000001
1a2b3c4d-5e6f-4701-8100-000000000001,3a2b3c4d-5e6f-4701-8300-000000000002
1a2b3c4d-5e6f-4701-8100-000000000001,3a2b3c4d-5e6f-4701-8300-000000000003
1a2b3c4d-5e6f-4701-8100-000000000001,3a2b3c4d-5e6f-4701-8300-000000000004
1a2b3c4d-5e6f-4701-8100-000000000002,3a2b3c4d-5e6f-4701-8300-000000000005
1a2b3c4d-5e6f-4701-8100-000000000002,3a2b3c4d-5e6f-4701-8300-000000000006
1a2b3c4d-5e6f-4701-8100-000000000002,3a2b3c4d-5e6f-4701-8300-000000000007
1a2b3c4d-5e6f-4701-8100-000000000003,3a2b3c4d-5e6f-4701-8300-000000000008
1a2b3c4d-5e6f-4701-8100-000000000003,3a2b3c4d-5e6f-4701-8300-000000000009
1a2b3c4d-5e6f-4701-8100-000000000003,3a2b3c4d-5e6f-4701-8300-000000000010
1a2b3c4d-5e6f-4701-8100-000000000004,3a2b3c4d-5e6f-4701-8300-000000000011
1a2b3c4d-5e6f-4701-8100-000000000004,3a2b3c4d-5e6f-4701-8300-000000000012
1a2b3c4d-5e6f-4701-8100-000000000004,3a2b3c4d-5e6f-4701-8300-000000000013
1a2b3c4d-5e6f-4701-8100-000000000004,3a2b3c4d-5e6f-4701-8300-000000000014
1a2b3c4d-5e6f-4701-8100-000000000005,3a2b3c4d-5e6f-4701-8300-000000000015
1a2b3c4d-5e6f-4701-8100-000000000005,3a2b3c4d-5e6f-4701-8300-000000000016
1a2b3c4d-5e6f-4701-8100-000000000005,3a2b3c4d-5e6f-4701-8300-000000000017
1a2b3c4d-5e6f-4701-8100-000000000005,3a2b3c4d-5e6f-4701-8300-000000000018
1a2b3c4d-5e6f-4701-8100-000000000006,3a2b3c4d-5e6f-4701-8300-000000000019
1a2b3c4d-5e6f-4701-8100-000000000006,3a2b3c4d-5e6f-4701-8300-000000000020
1a2b3c4d-5e6f-4701-8100-000000000006,3a2b3c4d-5e6f-4701-8300-000000000021
1a2b3c4d-5e6f-4701-8100-000000000007,3a2b3c4d-5e6f-4701-8300-000000000022
1a2b3c4d-5e6f-4701-8100-000000000007,3a2b3c4d-5e6f-4701-8300-000000000023
1a2b3c4d-5e6f-4701-8100-000000000007,3a2b3c4d-5e6f-4701-8300-000000000024
2b2c3d4e-5e6f-4701-8100-000000000101,4c2d3e4f-5a6b-4701-8300-000000000001
2b2c3d4e-5e6f-4701-8100-000000000101,4c2d3e4f-5a6b-4701-8300-000000000002
2b2c3d4e-5e6f-4701-8100-000000000101,4c2d3e4f-5a6b-4701-8300-000000000003
2b2c3d4e-5e6f-4701-8100-000000000101,4c2d3e4f-5a6b-4701-8300-000000000004
2b2c3d4e-5e6f-4701-8100-000000000101,4c2d3e4f-5a6b-4701-8300-000000000005
2b2c3d4e-5e6f-4701-8100-000000000101,4c2d3e4f-5a6b-4701-8300-000000000006
2b2c3d4e-5e6f-4701-8100-000000000101,4c2d3e4f-5a6b-4701-8300-000000000007
2b2c3d4e-5e6f-4701-8100-000000000101,4c2d3e4f-5a6b-4701-8300-000000000008
2b2c3d4e-5e6f-4701-8100-000000000102,4c2d3e4f-5a6b-4701-8300-000000000009
2b2c3d4e-5e6f-4701-8100-000000000102,4c2d3e4f-5a6b-4701-8300-000000000010
2b2c3d4e-5e6f-4701-8100-000000000102,4c2d3e4f-5a6b-4701-8300-000000000011
2b2c3d4e-5e6f-4701-8100-000000000102,4c2d3e4f-5a6b-4701-8300-000000000012
2b2c3d4e-5e6f-4701-8100-000000000102,4c2d3e4f-5a6b-4701-8300-000000000013
2b2c3d4e-5e6f-4701-8100-000000000102,4c2d3e4f-5a6b-4701-8300-000000000014
2b2c3d4e-5e6f-4701-8100-000000000102,4c2d3e4f-5a6b-4701-8300-000000000015
2b2c3d4e-5e6f-4701-8100-000000000102,4c2d3e4f-5a6b-4701-8300-000000000016
2b2c3d4e-5e6f-4701-8100-000000000103,4c2d3e4f-5a6b-4701-8300-000000000017
2b2c3d4e-5e6f-4701-8100-000000000103,4c2d3e4f-5a6b-4701-8300-000000000018
2b2c3d4e-5e6f-4701-8100-000000000103,4c2d3e4f-5a6b-4701-8300-000000000019
2b2c3d4e-5e6f-4701-8100-000000000103,4c2d3e4f-5a6b-4701-8300-000000000020
2b2c3d4e-5e6f-4701-8100-000000000103,4c2d3e4f-5a6b-4701-8300-000000000021
2b2c3d4e-5e6f-4701-8100-000000000103,4c2d3e4f-5a6b-4701-8300-000000000022
2b2c3d4e-5e6f-4701-8100-000000000103,4c2d3e4f-5a6b-4701-8300-000000000023
2b2c3d4e-5e6f-4701-8100-000000000103,4c2d3e4f-5a6b-4701-8300-000000000024
2b2c3d4e-5e6f-4701-8100-000000000103,4c2d3e4f-5a6b-4701-8300-000000000025
2b2c3d4e-5e6f-4701-8100-000000000104,4c2d3e4f-5a6b-4701-8300-000000000026
2b2c3d4e-5e6f-4701-8100-000000000104,4c2d3e4f-5a6b-4701-8300-000000000027
2b2c3d4e-5e6f-4701-8100-000000000104,4c2d3e4f-5a6b-4701-8300-000000000028
2b2c3d4e-5e6f-4701-8100-000000000104,4c2d3e4f-5a6b-4701-8300-000000000029
2b2c3d4e-5e6f-4701-8100-000000000104,4c2d3e4f-5a6b-4701-8300-000000000030
2b2c3d4e-5e6f-4701-8100-000000000104,4c2d3e4f-5a6b-4701-8300-000000000031
2b2c3d4e-5e6f-4701-8100-000000000104,4c2d3e4f-5a6b-4701-8300-000000000032
2b2c3d4e-5e6f-4701-8100-000000000104,4c2d3e4f-5a6b-4701-8300-000000000033
